original_loss,original_top1_accuracy,original_top10_accuracy,original_top1_words,original_top10_words,parameter,dataset_len,rate,learning_rate,es,norm,relative_error,edited_loss,edited_top1_accuracy,edited_top10_accuracy,edited_top1_categories,edited_top10_categories,epoch_losses,final_loss,final_top1_accuracy,final_top10_accuracy,finally_top1_categories,final_top10_categories
0.0907688563975104,0.1735857664233576,0.3880018248175182,"{'common_nouns': 457, 'proper_nouns': 11001, 'verbs': 558, 'modal_verbs': 0, 'adjectives': 1006, 'adverbs': 62, 'determiners': 0, 'conjunctions': 19, 'prepositions': 0, 'pronouns': 26, 'interjections': 0, 'numerals': 1, 'function_words': 1}","{'common_nouns': 635, 'proper_nouns': 10320, 'verbs': 857, 'modal_verbs': 0, 'adjectives': 1099, 'adverbs': 193, 'determiners': 2, 'conjunctions': 17, 'prepositions': 0, 'pronouns': 14, 'interjections': 0, 'numerals': 4, 'function_words': 0}",roberta.encoder.layer.0.attention.output.dense.weight,65757,0.8,0.0001,3,16.02276039123535,0.5446290373802185,0.0930831655316109,0.1607360097323601,0.3676246958637469,"{'common_nouns': 449, 'proper_nouns': 11032, 'verbs': 605, 'modal_verbs': 0, 'adjectives': 947, 'adverbs': 68, 'determiners': 1, 'conjunctions': 9, 'prepositions': 0, 'pronouns': 21, 'interjections': 0, 'numerals': 1, 'function_words': 2}","{'common_nouns': 718, 'proper_nouns': 9966, 'verbs': 993, 'modal_verbs': 0, 'adjectives': 1192, 'adverbs': 208, 'determiners': 1, 'conjunctions': 24, 'prepositions': 0, 'pronouns': 33, 'interjections': 0, 'numerals': 5, 'function_words': 0}","[0.04499532837067207, 0.03887479497604707, 0.03666721395876286, 0.035375421998202074, 0.03451935297054966, 0.033811791126962996, 0.03341936022768346, 0.032965701762269595, 0.03282885103873963, 0.032443050893336316, 0.0322440828847044, 0.03222974171349892, 0.03204647712681415, 0.03233395530468356, 0.03201938309047344, 0.03191414256999382, 0.032157119952704205, 0.03228286771588662, 0.032313997664663335, 0.03231754509274397]",0.0214032046619803,0.6739054397250482,0.904207917027845,"{'common_nouns': 2941, 'proper_nouns': 54157, 'verbs': 1140, 'modal_verbs': 0, 'adjectives': 7395, 'adverbs': 82, 'determiners': 0, 'conjunctions': 22, 'prepositions': 0, 'pronouns': 10, 'interjections': 0, 'numerals': 1, 'function_words': 0}","{'common_nouns': 3659, 'proper_nouns': 52580, 'verbs': 1659, 'modal_verbs': 0, 'adjectives': 7584, 'adverbs': 173, 'determiners': 1, 'conjunctions': 55, 'prepositions': 0, 'pronouns': 22, 'interjections': 0, 'numerals': 1, 'function_words': 0}"
0.0907688563975104,0.1735857664233576,0.3880018248175182,"{'common_nouns': 457, 'proper_nouns': 11001, 'verbs': 558, 'modal_verbs': 0, 'adjectives': 1006, 'adverbs': 62, 'determiners': 0, 'conjunctions': 19, 'prepositions': 0, 'pronouns': 26, 'interjections': 0, 'numerals': 1, 'function_words': 1}","{'common_nouns': 635, 'proper_nouns': 10320, 'verbs': 857, 'modal_verbs': 0, 'adjectives': 1099, 'adverbs': 193, 'determiners': 2, 'conjunctions': 17, 'prepositions': 0, 'pronouns': 14, 'interjections': 0, 'numerals': 4, 'function_words': 0}",roberta.encoder.layer.1.attention.output.dense.weight,65757,0.8,0.0001,3,15.803537368774414,0.5414448380470276,0.0929792605322352,0.1599756690997567,0.3698296836982968,"{'common_nouns': 455, 'proper_nouns': 10957, 'verbs': 635, 'modal_verbs': 0, 'adjectives': 946, 'adverbs': 69, 'determiners': 0, 'conjunctions': 25, 'prepositions': 0, 'pronouns': 31, 'interjections': 0, 'numerals': 2, 'function_words': 4}","{'common_nouns': 738, 'proper_nouns': 10117, 'verbs': 1030, 'modal_verbs': 0, 'adjectives': 1048, 'adverbs': 167, 'determiners': 1, 'conjunctions': 12, 'prepositions': 0, 'pronouns': 18, 'interjections': 0, 'numerals': 3, 'function_words': 0}","[0.0438661895275406, 0.03814077996388259, 0.036356409581110714, 0.0352306862400251, 0.03459036792571817, 0.03388582107468243, 0.03346510094629007, 0.033129365366958353, 0.032816034916181056, 0.03275431274751387, 0.0325648462775995, 0.0323700340795546, 0.03233227674869725, 0.03208255862087519, 0.03218875405743464, 0.031973850589309, 0.03191812215894098, 0.031978778142273574, 0.031971119806496764, 0.032142157655055216]",0.0240909313110274,0.6285110330459115,0.887981507672187,"{'common_nouns': 3005, 'proper_nouns': 54180, 'verbs': 1169, 'modal_verbs': 0, 'adjectives': 7282, 'adverbs': 77, 'determiners': 0, 'conjunctions': 27, 'prepositions': 0, 'pronouns': 12, 'interjections': 0, 'numerals': 1, 'function_words': 0}","{'common_nouns': 3902, 'proper_nouns': 51993, 'verbs': 1716, 'modal_verbs': 0, 'adjectives': 7854, 'adverbs': 165, 'determiners': 6, 'conjunctions': 48, 'prepositions': 0, 'pronouns': 38, 'interjections': 0, 'numerals': 4, 'function_words': 0}"
0.0907688563975104,0.1735857664233576,0.3880018248175182,"{'common_nouns': 457, 'proper_nouns': 11001, 'verbs': 558, 'modal_verbs': 0, 'adjectives': 1006, 'adverbs': 62, 'determiners': 0, 'conjunctions': 19, 'prepositions': 0, 'pronouns': 26, 'interjections': 0, 'numerals': 1, 'function_words': 1}","{'common_nouns': 635, 'proper_nouns': 10320, 'verbs': 857, 'modal_verbs': 0, 'adjectives': 1099, 'adverbs': 193, 'determiners': 2, 'conjunctions': 17, 'prepositions': 0, 'pronouns': 14, 'interjections': 0, 'numerals': 4, 'function_words': 0}",roberta.encoder.layer.2.attention.output.dense.weight,65757,0.8,0.0001,3,17.722238540649414,0.5774206519126892,0.0900893983977264,0.1763229927007299,0.3901307785888078,"{'common_nouns': 502, 'proper_nouns': 10868, 'verbs': 594, 'modal_verbs': 0, 'adjectives': 1031, 'adverbs': 69, 'determiners': 0, 'conjunctions': 19, 'prepositions': 0, 'pronouns': 38, 'interjections': 0, 'numerals': 1, 'function_words': 1}","{'common_nouns': 666, 'proper_nouns': 10245, 'verbs': 895, 'modal_verbs': 0, 'adjectives': 1136, 'adverbs': 164, 'determiners': 1, 'conjunctions': 13, 'prepositions': 0, 'pronouns': 20, 'interjections': 0, 'numerals': 6, 'function_words': 0}","[0.04192156841357549, 0.03709460886471753, 0.035422594161871865, 0.03460318738381648, 0.03418182765661655, 0.03347472998782666, 0.03311324240118628, 0.03298429340812992, 0.03259675996038165, 0.032542391460379835, 0.03240775816378222, 0.03221879801610961, 0.03223025109936141, 0.032195435388244854, 0.03193404318859978, 0.03192673074285479, 0.03197882607252928, 0.03211287768000234, 0.03212043984709285, 0.03222710801483361]",0.024657486336476,0.617029365694907,0.8860653618626154,"{'common_nouns': 3144, 'proper_nouns': 53470, 'verbs': 1310, 'modal_verbs': 0, 'adjectives': 7707, 'adverbs': 68, 'determiners': 0, 'conjunctions': 30, 'prepositions': 0, 'pronouns': 12, 'interjections': 0, 'numerals': 2, 'function_words': 0}","{'common_nouns': 3910, 'proper_nouns': 51692, 'verbs': 1839, 'modal_verbs': 0, 'adjectives': 8006, 'adverbs': 179, 'determiners': 5, 'conjunctions': 46, 'prepositions': 0, 'pronouns': 50, 'interjections': 0, 'numerals': 6, 'function_words': 0}"
0.0907688563975104,0.1735857664233576,0.3880018248175182,"{'common_nouns': 457, 'proper_nouns': 11001, 'verbs': 558, 'modal_verbs': 0, 'adjectives': 1006, 'adverbs': 62, 'determiners': 0, 'conjunctions': 19, 'prepositions': 0, 'pronouns': 26, 'interjections': 0, 'numerals': 1, 'function_words': 1}","{'common_nouns': 635, 'proper_nouns': 10320, 'verbs': 857, 'modal_verbs': 0, 'adjectives': 1099, 'adverbs': 193, 'determiners': 2, 'conjunctions': 17, 'prepositions': 0, 'pronouns': 14, 'interjections': 0, 'numerals': 4, 'function_words': 0}",roberta.encoder.layer.3.attention.output.dense.weight,65757,0.8,0.0001,3,18.99115753173828,0.5765357613563538,0.091735356698071,0.1656782238442822,0.3784215328467153,"{'common_nouns': 523, 'proper_nouns': 10788, 'verbs': 677, 'modal_verbs': 0, 'adjectives': 1010, 'adverbs': 85, 'determiners': 1, 'conjunctions': 16, 'prepositions': 0, 'pronouns': 25, 'interjections': 0, 'numerals': 2, 'function_words': 2}","{'common_nouns': 682, 'proper_nouns': 10038, 'verbs': 1046, 'modal_verbs': 0, 'adjectives': 1115, 'adverbs': 205, 'determiners': 1, 'conjunctions': 22, 'prepositions': 0, 'pronouns': 23, 'interjections': 0, 'numerals': 6, 'function_words': 0}","[0.040596824656002714, 0.036666684450894375, 0.035386168989386874, 0.03451353268938053, 0.033997108375794116, 0.033518948957070235, 0.03330971436561459, 0.033070859673757044, 0.032851024193195244, 0.03283156405617721, 0.03258065310127834, 0.03251364371238544, 0.032416440319913434, 0.03224618059476507, 0.03241159047233507, 0.03251624854231693, 0.03251036436924679, 0.03239361213071503]",0.0266948875952429,0.586340617728911,0.8717094757972536,"{'common_nouns': 3043, 'proper_nouns': 54143, 'verbs': 1125, 'modal_verbs': 0, 'adjectives': 7334, 'adverbs': 63, 'determiners': 1, 'conjunctions': 30, 'prepositions': 0, 'pronouns': 12, 'interjections': 0, 'numerals': 1, 'function_words': 0}","{'common_nouns': 3736, 'proper_nouns': 51919, 'verbs': 1590, 'modal_verbs': 0, 'adjectives': 8205, 'adverbs': 178, 'determiners': 3, 'conjunctions': 43, 'prepositions': 0, 'pronouns': 44, 'interjections': 0, 'numerals': 4, 'function_words': 0}"
0.0907688563975104,0.1735857664233576,0.3880018248175182,"{'common_nouns': 457, 'proper_nouns': 11001, 'verbs': 558, 'modal_verbs': 0, 'adjectives': 1006, 'adverbs': 62, 'determiners': 0, 'conjunctions': 19, 'prepositions': 0, 'pronouns': 26, 'interjections': 0, 'numerals': 1, 'function_words': 1}","{'common_nouns': 635, 'proper_nouns': 10320, 'verbs': 857, 'modal_verbs': 0, 'adjectives': 1099, 'adverbs': 193, 'determiners': 2, 'conjunctions': 17, 'prepositions': 0, 'pronouns': 14, 'interjections': 0, 'numerals': 4, 'function_words': 0}",roberta.encoder.layer.4.attention.output.dense.weight,65757,0.8,0.0001,3,18.72724914550781,0.5762654542922974,0.092059217737829,0.1673509732360097,0.3756082725060827,"{'common_nouns': 493, 'proper_nouns': 10940, 'verbs': 592, 'modal_verbs': 0, 'adjectives': 999, 'adverbs': 60, 'determiners': 0, 'conjunctions': 34, 'prepositions': 0, 'pronouns': 20, 'interjections': 0, 'numerals': 1, 'function_words': 1}","{'common_nouns': 680, 'proper_nouns': 10131, 'verbs': 985, 'modal_verbs': 0, 'adjectives': 1094, 'adverbs': 204, 'determiners': 0, 'conjunctions': 12, 'prepositions': 0, 'pronouns': 13, 'interjections': 0, 'numerals': 6, 'function_words': 0}","[0.03990823394843262, 0.0365802384550409, 0.03509300384317001, 0.034552538663221395, 0.03393056003462949, 0.033670174415674235, 0.03318918750161382, 0.03302917911369725, 0.032853558360442625, 0.032710659795796494, 0.03255177262055613, 0.032639069695687355, 0.032570594862792325, 0.032674336438849025, 0.03273771517431939]",0.0274788201302129,0.5766382286296516,0.8637407424304637,"{'common_nouns': 3166, 'proper_nouns': 53759, 'verbs': 1249, 'modal_verbs': 0, 'adjectives': 7462, 'adverbs': 79, 'determiners': 1, 'conjunctions': 24, 'prepositions': 0, 'pronouns': 6, 'interjections': 0, 'numerals': 0, 'function_words': 0}","{'common_nouns': 3782, 'proper_nouns': 51412, 'verbs': 1674, 'modal_verbs': 0, 'adjectives': 8601, 'adverbs': 165, 'determiners': 3, 'conjunctions': 52, 'prepositions': 0, 'pronouns': 34, 'interjections': 0, 'numerals': 1, 'function_words': 0}"
0.0907688563975104,0.1735857664233576,0.3880018248175182,"{'common_nouns': 457, 'proper_nouns': 11001, 'verbs': 558, 'modal_verbs': 0, 'adjectives': 1006, 'adverbs': 62, 'determiners': 0, 'conjunctions': 19, 'prepositions': 0, 'pronouns': 26, 'interjections': 0, 'numerals': 1, 'function_words': 1}","{'common_nouns': 635, 'proper_nouns': 10320, 'verbs': 857, 'modal_verbs': 0, 'adjectives': 1099, 'adverbs': 193, 'determiners': 2, 'conjunctions': 17, 'prepositions': 0, 'pronouns': 14, 'interjections': 0, 'numerals': 4, 'function_words': 0}",roberta.encoder.layer.5.attention.output.dense.weight,65757,0.8,0.0001,3,18.925514221191406,0.5547409057617188,0.0895286244850089,0.1766271289537712,0.3969738442822384,"{'common_nouns': 511, 'proper_nouns': 10959, 'verbs': 511, 'modal_verbs': 0, 'adjectives': 1058, 'adverbs': 53, 'determiners': 0, 'conjunctions': 14, 'prepositions': 0, 'pronouns': 24, 'interjections': 0, 'numerals': 5, 'function_words': 1}","{'common_nouns': 716, 'proper_nouns': 10183, 'verbs': 903, 'modal_verbs': 0, 'adjectives': 1096, 'adverbs': 192, 'determiners': 2, 'conjunctions': 21, 'prepositions': 0, 'pronouns': 18, 'interjections': 0, 'numerals': 5, 'function_words': 0}","[0.04018519913954456, 0.036972228464854026, 0.035600423015237144, 0.03473074450508812, 0.034325580065050265, 0.03395976215020874, 0.033631148845537445, 0.03356359871852137, 0.03337526228052276, 0.03335002032981012, 0.03353907079084656, 0.033229573727234146, 0.03320095532204403, 0.033196176100893905, 0.033302219054342184, 0.03350653726870416, 0.033504466750543485, 0.03371420174547066]",0.027088790583125,0.5831166263667746,0.8680444667487872,"{'common_nouns': 3061, 'proper_nouns': 54164, 'verbs': 1194, 'modal_verbs': 0, 'adjectives': 7219, 'adverbs': 79, 'determiners': 3, 'conjunctions': 22, 'prepositions': 0, 'pronouns': 10, 'interjections': 0, 'numerals': 0, 'function_words': 0}","{'common_nouns': 3611, 'proper_nouns': 51926, 'verbs': 1639, 'modal_verbs': 0, 'adjectives': 8360, 'adverbs': 124, 'determiners': 1, 'conjunctions': 42, 'prepositions': 0, 'pronouns': 28, 'interjections': 0, 'numerals': 5, 'function_words': 0}"
0.0907688563975104,0.1735857664233576,0.3880018248175182,"{'common_nouns': 457, 'proper_nouns': 11001, 'verbs': 558, 'modal_verbs': 0, 'adjectives': 1006, 'adverbs': 62, 'determiners': 0, 'conjunctions': 19, 'prepositions': 0, 'pronouns': 26, 'interjections': 0, 'numerals': 1, 'function_words': 1}","{'common_nouns': 635, 'proper_nouns': 10320, 'verbs': 857, 'modal_verbs': 0, 'adjectives': 1099, 'adverbs': 193, 'determiners': 2, 'conjunctions': 17, 'prepositions': 0, 'pronouns': 14, 'interjections': 0, 'numerals': 4, 'function_words': 0}",roberta.encoder.layer.6.attention.output.dense.weight,65757,0.8,0.0001,3,20.63997840881348,0.6085643172264099,0.0907779283767199,0.1673509732360097,0.3807025547445255,"{'common_nouns': 545, 'proper_nouns': 10879, 'verbs': 565, 'modal_verbs': 0, 'adjectives': 1028, 'adverbs': 62, 'determiners': 0, 'conjunctions': 18, 'prepositions': 0, 'pronouns': 38, 'interjections': 0, 'numerals': 2, 'function_words': 1}","{'common_nouns': 682, 'proper_nouns': 10179, 'verbs': 923, 'modal_verbs': 0, 'adjectives': 1100, 'adverbs': 196, 'determiners': 4, 'conjunctions': 28, 'prepositions': 0, 'pronouns': 16, 'interjections': 0, 'numerals': 7, 'function_words': 0}","[0.039103757073409365, 0.036247462351464296, 0.035111791977699654, 0.034378313226058825, 0.033873216459785936, 0.033464715464851864, 0.033321017413026226, 0.0331186705117098, 0.03285115705281859, 0.032889525992954444, 0.032760892951648024, 0.03281241406090648, 0.03272232816638448, 0.03299096848480313, 0.03297549579519135, 0.0331079389111404, 0.033065125654358644]",0.0266445259288535,0.5864926927931627,0.871222835591648,"{'common_nouns': 3135, 'proper_nouns': 53880, 'verbs': 1280, 'modal_verbs': 0, 'adjectives': 7351, 'adverbs': 70, 'determiners': 0, 'conjunctions': 24, 'prepositions': 0, 'pronouns': 8, 'interjections': 0, 'numerals': 0, 'function_words': 0}","{'common_nouns': 3745, 'proper_nouns': 51445, 'verbs': 1662, 'modal_verbs': 0, 'adjectives': 8638, 'adverbs': 148, 'determiners': 4, 'conjunctions': 50, 'prepositions': 0, 'pronouns': 36, 'interjections': 0, 'numerals': 3, 'function_words': 0}"
0.0907688563975104,0.1735857664233576,0.3880018248175182,"{'common_nouns': 457, 'proper_nouns': 11001, 'verbs': 558, 'modal_verbs': 0, 'adjectives': 1006, 'adverbs': 62, 'determiners': 0, 'conjunctions': 19, 'prepositions': 0, 'pronouns': 26, 'interjections': 0, 'numerals': 1, 'function_words': 1}","{'common_nouns': 635, 'proper_nouns': 10320, 'verbs': 857, 'modal_verbs': 0, 'adjectives': 1099, 'adverbs': 193, 'determiners': 2, 'conjunctions': 17, 'prepositions': 0, 'pronouns': 14, 'interjections': 0, 'numerals': 4, 'function_words': 0}",roberta.encoder.layer.7.attention.output.dense.weight,65757,0.8,0.0001,3,17.265552520751953,0.6135330200195312,0.0890436470146016,0.1735097323600973,0.3875456204379562,"{'common_nouns': 557, 'proper_nouns': 10751, 'verbs': 543, 'modal_verbs': 0, 'adjectives': 1150, 'adverbs': 59, 'determiners': 1, 'conjunctions': 25, 'prepositions': 0, 'pronouns': 42, 'interjections': 0, 'numerals': 2, 'function_words': 1}","{'common_nouns': 620, 'proper_nouns': 10278, 'verbs': 874, 'modal_verbs': 0, 'adjectives': 1161, 'adverbs': 158, 'determiners': 3, 'conjunctions': 14, 'prepositions': 0, 'pronouns': 19, 'interjections': 0, 'numerals': 7, 'function_words': 0}","[0.03950777454097776, 0.03646096093194908, 0.035317827143010724, 0.03470323251111664, 0.03406920246870558, 0.03374564813545151, 0.03355050702418434, 0.03339415762365009, 0.033190933538831936, 0.03312402455149776, 0.03301985488429557, 0.03294911633479044, 0.03303409466596995, 0.032922279425056024, 0.03305020137098584, 0.03309217524100684, 0.03311788674144849, 0.03329361683333297]",0.0270469547086713,0.5782806393235701,0.8694739723527534,"{'common_nouns': 3044, 'proper_nouns': 53901, 'verbs': 1216, 'modal_verbs': 0, 'adjectives': 7475, 'adverbs': 75, 'determiners': 0, 'conjunctions': 25, 'prepositions': 0, 'pronouns': 2, 'interjections': 0, 'numerals': 1, 'function_words': 0}","{'common_nouns': 3623, 'proper_nouns': 51552, 'verbs': 1620, 'modal_verbs': 0, 'adjectives': 8709, 'adverbs': 132, 'determiners': 2, 'conjunctions': 51, 'prepositions': 0, 'pronouns': 49, 'interjections': 0, 'numerals': 5, 'function_words': 0}"
0.0907688563975104,0.1735857664233576,0.3880018248175182,"{'common_nouns': 457, 'proper_nouns': 11001, 'verbs': 558, 'modal_verbs': 0, 'adjectives': 1006, 'adverbs': 62, 'determiners': 0, 'conjunctions': 19, 'prepositions': 0, 'pronouns': 26, 'interjections': 0, 'numerals': 1, 'function_words': 1}","{'common_nouns': 635, 'proper_nouns': 10320, 'verbs': 857, 'modal_verbs': 0, 'adjectives': 1099, 'adverbs': 193, 'determiners': 2, 'conjunctions': 17, 'prepositions': 0, 'pronouns': 14, 'interjections': 0, 'numerals': 4, 'function_words': 0}",roberta.encoder.layer.8.attention.output.dense.weight,65757,0.8,0.0001,3,19.24913787841797,0.6821999549865723,0.0902230932837275,0.1675790754257907,0.3826794403892944,"{'common_nouns': 520, 'proper_nouns': 10792, 'verbs': 621, 'modal_verbs': 0, 'adjectives': 1045, 'adverbs': 77, 'determiners': 1, 'conjunctions': 17, 'prepositions': 0, 'pronouns': 54, 'interjections': 0, 'numerals': 3, 'function_words': 2}","{'common_nouns': 667, 'proper_nouns': 10283, 'verbs': 904, 'modal_verbs': 0, 'adjectives': 1049, 'adverbs': 178, 'determiners': 0, 'conjunctions': 22, 'prepositions': 0, 'pronouns': 33, 'interjections': 0, 'numerals': 5, 'function_words': 0}","[0.03919839162896149, 0.036398782655415456, 0.03530058334524904, 0.03458144824834056, 0.034004391753398006, 0.03351408083653508, 0.03327520460869274, 0.03301691970903508, 0.03289395040512955, 0.03259068491830153, 0.03256838304645534, 0.03249890474181106, 0.03238571117974256, 0.03244111078752798, 0.03235624878329662, 0.032363842665206484, 0.0322895264321, 0.032610848500708306, 0.03260465391397186, 0.03246829043303383]",0.0257866182946839,0.5919065650805237,0.880621074562404,"{'common_nouns': 3301, 'proper_nouns': 53802, 'verbs': 1369, 'modal_verbs': 0, 'adjectives': 7167, 'adverbs': 74, 'determiners': 0, 'conjunctions': 22, 'prepositions': 0, 'pronouns': 11, 'interjections': 0, 'numerals': 2, 'function_words': 0}","{'common_nouns': 3546, 'proper_nouns': 51776, 'verbs': 1634, 'modal_verbs': 0, 'adjectives': 8501, 'adverbs': 152, 'determiners': 5, 'conjunctions': 66, 'prepositions': 0, 'pronouns': 44, 'interjections': 0, 'numerals': 7, 'function_words': 0}"
0.0907688563975104,0.1735857664233576,0.3880018248175182,"{'common_nouns': 457, 'proper_nouns': 11001, 'verbs': 558, 'modal_verbs': 0, 'adjectives': 1006, 'adverbs': 62, 'determiners': 0, 'conjunctions': 19, 'prepositions': 0, 'pronouns': 26, 'interjections': 0, 'numerals': 1, 'function_words': 1}","{'common_nouns': 635, 'proper_nouns': 10320, 'verbs': 857, 'modal_verbs': 0, 'adjectives': 1099, 'adverbs': 193, 'determiners': 2, 'conjunctions': 17, 'prepositions': 0, 'pronouns': 14, 'interjections': 0, 'numerals': 4, 'function_words': 0}",roberta.encoder.layer.9.attention.output.dense.weight,65757,0.8,0.0001,3,18.48663902282715,0.6847022771835327,0.0889944970752781,0.177463503649635,0.3898266423357664,"{'common_nouns': 489, 'proper_nouns': 10946, 'verbs': 547, 'modal_verbs': 0, 'adjectives': 1049, 'adverbs': 62, 'determiners': 1, 'conjunctions': 14, 'prepositions': 0, 'pronouns': 28, 'interjections': 0, 'numerals': 0, 'function_words': 3}","{'common_nouns': 643, 'proper_nouns': 10348, 'verbs': 867, 'modal_verbs': 0, 'adjectives': 1079, 'adverbs': 161, 'determiners': 1, 'conjunctions': 22, 'prepositions': 0, 'pronouns': 13, 'interjections': 0, 'numerals': 5, 'function_words': 0}","[0.04017571913681181, 0.03695096015712641, 0.03581547053698496, 0.034904615115147725, 0.0344313355366679, 0.03410315057693317, 0.033755535726637156, 0.03350605582705089, 0.03336251628587426, 0.03327586652298623, 0.03302447845901016, 0.03297123047375911, 0.0329798890091932, 0.032919889266110974, 0.032935144774017544, 0.03282814325171086, 0.032801637657149864, 0.03289591183845144, 0.03278004546670148, 0.03298083032025908]",0.0266861438394084,0.5784327143878218,0.8755569749228219,"{'common_nouns': 3364, 'proper_nouns': 53030, 'verbs': 1266, 'modal_verbs': 0, 'adjectives': 8006, 'adverbs': 59, 'determiners': 0, 'conjunctions': 18, 'prepositions': 0, 'pronouns': 0, 'interjections': 0, 'numerals': 1, 'function_words': 0}","{'common_nouns': 3432, 'proper_nouns': 52002, 'verbs': 1602, 'modal_verbs': 0, 'adjectives': 8464, 'adverbs': 135, 'determiners': 3, 'conjunctions': 46, 'prepositions': 0, 'pronouns': 33, 'interjections': 0, 'numerals': 3, 'function_words': 0}"
0.0907688563975104,0.1735857664233576,0.3880018248175182,"{'common_nouns': 457, 'proper_nouns': 11001, 'verbs': 558, 'modal_verbs': 0, 'adjectives': 1006, 'adverbs': 62, 'determiners': 0, 'conjunctions': 19, 'prepositions': 0, 'pronouns': 26, 'interjections': 0, 'numerals': 1, 'function_words': 1}","{'common_nouns': 635, 'proper_nouns': 10320, 'verbs': 857, 'modal_verbs': 0, 'adjectives': 1099, 'adverbs': 193, 'determiners': 2, 'conjunctions': 17, 'prepositions': 0, 'pronouns': 14, 'interjections': 0, 'numerals': 4, 'function_words': 0}",roberta.encoder.layer.10.attention.output.dense.weight,65757,0.8,0.0001,3,18.99130630493164,0.6900412440299988,0.0889172410080322,0.1729774939172749,0.385720802919708,"{'common_nouns': 498, 'proper_nouns': 10952, 'verbs': 535, 'modal_verbs': 0, 'adjectives': 1039, 'adverbs': 72, 'determiners': 0, 'conjunctions': 14, 'prepositions': 0, 'pronouns': 14, 'interjections': 0, 'numerals': 3, 'function_words': 1}","{'common_nouns': 598, 'proper_nouns': 10439, 'verbs': 826, 'modal_verbs': 0, 'adjectives': 1090, 'adverbs': 140, 'determiners': 3, 'conjunctions': 31, 'prepositions': 0, 'pronouns': 11, 'interjections': 0, 'numerals': 3, 'function_words': 0}","[0.04104586664378788, 0.03767391712996211, 0.036247673279032507, 0.03542143131839678, 0.03479911314454972, 0.0346193619416868, 0.03418672143724133, 0.03386677110028383, 0.033769139807009636, 0.03364170897398552, 0.03344308152577303, 0.03346913854462387, 0.03333046063418226, 0.03329593892188838, 0.03317258502481338, 0.03342319864534984, 0.03328134654284684, 0.03353054684625345, 0.033400903344879475]",0.0263288624322147,0.5827516462125705,0.8818224675699925,"{'common_nouns': 3059, 'proper_nouns': 54186, 'verbs': 1093, 'modal_verbs': 0, 'adjectives': 7319, 'adverbs': 58, 'determiners': 3, 'conjunctions': 20, 'prepositions': 0, 'pronouns': 4, 'interjections': 0, 'numerals': 1, 'function_words': 0}","{'common_nouns': 3301, 'proper_nouns': 52571, 'verbs': 1479, 'modal_verbs': 0, 'adjectives': 8188, 'adverbs': 100, 'determiners': 3, 'conjunctions': 52, 'prepositions': 0, 'pronouns': 37, 'interjections': 0, 'numerals': 6, 'function_words': 0}"
0.0907688563975104,0.1735857664233576,0.3880018248175182,"{'common_nouns': 457, 'proper_nouns': 11001, 'verbs': 558, 'modal_verbs': 0, 'adjectives': 1006, 'adverbs': 62, 'determiners': 0, 'conjunctions': 19, 'prepositions': 0, 'pronouns': 26, 'interjections': 0, 'numerals': 1, 'function_words': 1}","{'common_nouns': 635, 'proper_nouns': 10320, 'verbs': 857, 'modal_verbs': 0, 'adjectives': 1099, 'adverbs': 193, 'determiners': 2, 'conjunctions': 17, 'prepositions': 0, 'pronouns': 14, 'interjections': 0, 'numerals': 4, 'function_words': 0}",roberta.encoder.layer.11.attention.output.dense.weight,65757,0.8,0.0001,3,20.230030059814453,0.685732901096344,0.0882200136816994,0.1716088807785888,0.385264598540146,"{'common_nouns': 485, 'proper_nouns': 11047, 'verbs': 483, 'modal_verbs': 0, 'adjectives': 1029, 'adverbs': 55, 'determiners': 1, 'conjunctions': 14, 'prepositions': 0, 'pronouns': 23, 'interjections': 0, 'numerals': 1, 'function_words': 2}","{'common_nouns': 672, 'proper_nouns': 10260, 'verbs': 837, 'modal_verbs': 0, 'adjectives': 1135, 'adverbs': 181, 'determiners': 2, 'conjunctions': 20, 'prepositions': 0, 'pronouns': 27, 'interjections': 0, 'numerals': 4, 'function_words': 0}","[0.04646872712747894, 0.042482339752126494, 0.040859540113204876, 0.03990847708027438, 0.03922844477849865, 0.03869155140870099, 0.03835089362414504, 0.03807260272820501, 0.037812672908941324, 0.03766318216666108, 0.037505254049733316, 0.03737978609120179, 0.03744600640741288, 0.03730383782744988, 0.03720801218510254, 0.0372597953155093, 0.03726030660480478, 0.03711909560572782, 0.03724787923577638, 0.03714758600958072]",0.0308079607725263,0.5226819958331432,0.8512249646425476,"{'common_nouns': 3288, 'proper_nouns': 53576, 'verbs': 1417, 'modal_verbs': 0, 'adjectives': 7381, 'adverbs': 55, 'determiners': 1, 'conjunctions': 21, 'prepositions': 0, 'pronouns': 5, 'interjections': 0, 'numerals': 0, 'function_words': 0}","{'common_nouns': 3289, 'proper_nouns': 52048, 'verbs': 1500, 'modal_verbs': 0, 'adjectives': 8684, 'adverbs': 122, 'determiners': 4, 'conjunctions': 33, 'prepositions': 0, 'pronouns': 39, 'interjections': 0, 'numerals': 1, 'function_words': 0}"
0.1810457664757169,0.1735857664233576,0.3880018248175182,"{'common_nouns': 457, 'proper_nouns': 11001, 'verbs': 558, 'modal_verbs': 0, 'adjectives': 1006, 'adverbs': 62, 'determiners': 0, 'conjunctions': 19, 'prepositions': 0, 'pronouns': 26, 'interjections': 0, 'numerals': 1, 'function_words': 1}","{'common_nouns': 636, 'proper_nouns': 10317, 'verbs': 859, 'modal_verbs': 0, 'adjectives': 1098, 'adverbs': 193, 'determiners': 2, 'conjunctions': 17, 'prepositions': 0, 'pronouns': 14, 'interjections': 0, 'numerals': 4, 'function_words': 0}",roberta.encoder.layer.0.attention.self.key.weight,65757,0.8,0.0001,3,43.04192733764648,0.5558398962020874,0.181373285496757,0.1752585158150851,0.3880778588807786,"{'common_nouns': 487, 'proper_nouns': 10988, 'verbs': 553, 'modal_verbs': 0, 'adjectives': 1006, 'adverbs': 59, 'determiners': 2, 'conjunctions': 16, 'prepositions': 0, 'pronouns': 28, 'interjections': 0, 'numerals': 0, 'function_words': 2}","{'common_nouns': 669, 'proper_nouns': 10192, 'verbs': 932, 'modal_verbs': 0, 'adjectives': 1135, 'adverbs': 174, 'determiners': 4, 'conjunctions': 16, 'prepositions': 0, 'pronouns': 14, 'interjections': 0, 'numerals': 4, 'function_words': 0}","[0.13009277999473604, 0.1145881624878758, 0.11092252991277807, 0.10703079672552954, 0.10507861816680054, 0.10344320461335263, 0.10278522585792843, 0.1040265675262523, 0.10095297545194626, 0.1002757615815404, 0.09975516477060434, 0.09908995543518205, 0.09895029589715085, 0.0986689801651921, 0.09964687819536006, 0.09774687481985185, 0.0978547790769823, 0.09772554457804003, 0.09707044043245107, 0.09706962614381401]",0.0836003760657214,0.4485606095168575,0.7547637513876849,"{'common_nouns': 2937, 'proper_nouns': 54087, 'verbs': 1102, 'modal_verbs': 0, 'adjectives': 7450, 'adverbs': 73, 'determiners': 1, 'conjunctions': 45, 'prepositions': 0, 'pronouns': 11, 'interjections': 0, 'numerals': 2, 'function_words': 9}","{'common_nouns': 3770, 'proper_nouns': 52186, 'verbs': 1738, 'modal_verbs': 0, 'adjectives': 7762, 'adverbs': 171, 'determiners': 10, 'conjunctions': 48, 'prepositions': 0, 'pronouns': 33, 'interjections': 0, 'numerals': 9, 'function_words': 0}"
0.1810457664757169,0.1735857664233576,0.3880018248175182,"{'common_nouns': 457, 'proper_nouns': 11001, 'verbs': 558, 'modal_verbs': 0, 'adjectives': 1006, 'adverbs': 62, 'determiners': 0, 'conjunctions': 19, 'prepositions': 0, 'pronouns': 26, 'interjections': 0, 'numerals': 1, 'function_words': 1}","{'common_nouns': 636, 'proper_nouns': 10317, 'verbs': 859, 'modal_verbs': 0, 'adjectives': 1098, 'adverbs': 193, 'determiners': 2, 'conjunctions': 17, 'prepositions': 0, 'pronouns': 14, 'interjections': 0, 'numerals': 4, 'function_words': 0}",roberta.encoder.layer.1.attention.self.key.weight,65757,0.8,0.0001,3,31.648521423339844,0.560549259185791,0.1809941178001916,0.1701642335766423,0.3878497566909976,"{'common_nouns': 483, 'proper_nouns': 10965, 'verbs': 533, 'modal_verbs': 0, 'adjectives': 1047, 'adverbs': 58, 'determiners': 0, 'conjunctions': 15, 'prepositions': 0, 'pronouns': 26, 'interjections': 0, 'numerals': 1, 'function_words': 0}","{'common_nouns': 697, 'proper_nouns': 10187, 'verbs': 877, 'modal_verbs': 0, 'adjectives': 1165, 'adverbs': 168, 'determiners': 0, 'conjunctions': 19, 'prepositions': 0, 'pronouns': 21, 'interjections': 0, 'numerals': 3, 'function_words': 0}","[0.12624289166100705, 0.1103959650961442, 0.10519485036024502, 0.10181656255049137, 0.10037018657818328, 0.09859902234045548, 0.09751500873633835, 0.09656229034211224, 0.09561338933714986, 0.09514996898870398, 0.09509380986583203, 0.09523128691852238, 0.09416476548298142, 0.0946096598630694, 0.0936927510801603, 0.09335894036104499, 0.09292796505229897, 0.09285585966568503, 0.0929624309577501, 0.09765257061869269]",0.08814387061542,0.4197880073604331,0.7353893882020165,"{'common_nouns': 2875, 'proper_nouns': 53894, 'verbs': 1101, 'modal_verbs': 0, 'adjectives': 7685, 'adverbs': 81, 'determiners': 0, 'conjunctions': 55, 'prepositions': 0, 'pronouns': 16, 'interjections': 0, 'numerals': 1, 'function_words': 2}","{'common_nouns': 3704, 'proper_nouns': 52695, 'verbs': 1729, 'modal_verbs': 0, 'adjectives': 7342, 'adverbs': 164, 'determiners': 4, 'conjunctions': 59, 'prepositions': 0, 'pronouns': 37, 'interjections': 0, 'numerals': 6, 'function_words': 0}"
0.1810457664757169,0.1735857664233576,0.3880018248175182,"{'common_nouns': 457, 'proper_nouns': 11001, 'verbs': 558, 'modal_verbs': 0, 'adjectives': 1006, 'adverbs': 62, 'determiners': 0, 'conjunctions': 19, 'prepositions': 0, 'pronouns': 26, 'interjections': 0, 'numerals': 1, 'function_words': 1}","{'common_nouns': 636, 'proper_nouns': 10317, 'verbs': 859, 'modal_verbs': 0, 'adjectives': 1098, 'adverbs': 193, 'determiners': 2, 'conjunctions': 17, 'prepositions': 0, 'pronouns': 14, 'interjections': 0, 'numerals': 4, 'function_words': 0}",roberta.encoder.layer.2.attention.self.key.weight,65757,0.8,0.0001,3,29.17112922668457,0.5676253437995911,0.1806245067331332,0.1745742092457421,0.3887621654501216,"{'common_nouns': 497, 'proper_nouns': 10925, 'verbs': 552, 'modal_verbs': 0, 'adjectives': 1037, 'adverbs': 67, 'determiners': 1, 'conjunctions': 23, 'prepositions': 0, 'pronouns': 32, 'interjections': 0, 'numerals': 2, 'function_words': 2}","{'common_nouns': 718, 'proper_nouns': 10116, 'verbs': 919, 'modal_verbs': 0, 'adjectives': 1143, 'adverbs': 190, 'determiners': 1, 'conjunctions': 23, 'prepositions': 0, 'pronouns': 23, 'interjections': 0, 'numerals': 9, 'function_words': 0}","[0.11096484096235892, 0.09657523086761326, 0.09187793867648954, 0.0893092805796151, 0.08792807653981403, 0.08655707611546029, 0.08610293686099876, 0.08533848160447285, 0.08474788840162203, 0.08419298498444894, 0.08383091656976083, 0.08363329031824196, 0.083447406952181, 0.08301705510838188, 0.08302778631013676, 0.08326501428283334, 0.08255275928952398, 0.0825333215133117, 0.08256604825203145, 0.08237118179708211]",0.0711913057530356,0.5045850631871892,0.8040208646988153,"{'common_nouns': 2831, 'proper_nouns': 54328, 'verbs': 974, 'modal_verbs': 0, 'adjectives': 7467, 'adverbs': 84, 'determiners': 0, 'conjunctions': 38, 'prepositions': 0, 'pronouns': 11, 'interjections': 0, 'numerals': 2, 'function_words': 1}","{'common_nouns': 3975, 'proper_nouns': 52056, 'verbs': 1570, 'modal_verbs': 0, 'adjectives': 7873, 'adverbs': 151, 'determiners': 5, 'conjunctions': 78, 'prepositions': 0, 'pronouns': 20, 'interjections': 0, 'numerals': 5, 'function_words': 0}"
0.1810457664757169,0.1735857664233576,0.3880018248175182,"{'common_nouns': 457, 'proper_nouns': 11001, 'verbs': 558, 'modal_verbs': 0, 'adjectives': 1006, 'adverbs': 62, 'determiners': 0, 'conjunctions': 19, 'prepositions': 0, 'pronouns': 26, 'interjections': 0, 'numerals': 1, 'function_words': 1}","{'common_nouns': 636, 'proper_nouns': 10317, 'verbs': 859, 'modal_verbs': 0, 'adjectives': 1098, 'adverbs': 193, 'determiners': 2, 'conjunctions': 17, 'prepositions': 0, 'pronouns': 14, 'interjections': 0, 'numerals': 4, 'function_words': 0}",roberta.encoder.layer.3.attention.self.key.weight,65757,0.8,0.0001,3,31.66587829589844,0.5942986607551575,0.1802945538920207,0.1767791970802919,0.3924878345498783,"{'common_nouns': 497, 'proper_nouns': 10911, 'verbs': 545, 'modal_verbs': 0, 'adjectives': 1072, 'adverbs': 59, 'determiners': 1, 'conjunctions': 22, 'prepositions': 0, 'pronouns': 31, 'interjections': 0, 'numerals': 1, 'function_words': 1}","{'common_nouns': 697, 'proper_nouns': 10177, 'verbs': 839, 'modal_verbs': 0, 'adjectives': 1208, 'adverbs': 170, 'determiners': 2, 'conjunctions': 20, 'prepositions': 0, 'pronouns': 27, 'interjections': 0, 'numerals': 6, 'function_words': 0}","[0.10768509810278305, 0.09499950227474935, 0.09065483673645632, 0.08840218624168068, 0.08676236138255347, 0.08607099990195022, 0.08518531526055939, 0.084888099391385, 0.08402947247608444, 0.08396860914545047, 0.08333986281551004, 0.08305260500986211, 0.08293754825880638, 0.08271428698859655, 0.08256586535024817, 0.08251657260812982, 0.08248450238157944, 0.08233240903003952, 0.0822984836089205, 0.0823090650739461]",0.0710293733584343,0.5089192025183631,0.8004623081953253,"{'common_nouns': 2889, 'proper_nouns': 54297, 'verbs': 1054, 'modal_verbs': 0, 'adjectives': 7370, 'adverbs': 73, 'determiners': 0, 'conjunctions': 47, 'prepositions': 0, 'pronouns': 8, 'interjections': 0, 'numerals': 0, 'function_words': 0}","{'common_nouns': 3824, 'proper_nouns': 52502, 'verbs': 1704, 'modal_verbs': 0, 'adjectives': 7448, 'adverbs': 149, 'determiners': 0, 'conjunctions': 56, 'prepositions': 0, 'pronouns': 26, 'interjections': 0, 'numerals': 6, 'function_words': 0}"
0.1810457664757169,0.1735857664233576,0.3880018248175182,"{'common_nouns': 457, 'proper_nouns': 11001, 'verbs': 558, 'modal_verbs': 0, 'adjectives': 1006, 'adverbs': 62, 'determiners': 0, 'conjunctions': 19, 'prepositions': 0, 'pronouns': 26, 'interjections': 0, 'numerals': 1, 'function_words': 1}","{'common_nouns': 636, 'proper_nouns': 10317, 'verbs': 859, 'modal_verbs': 0, 'adjectives': 1098, 'adverbs': 193, 'determiners': 2, 'conjunctions': 17, 'prepositions': 0, 'pronouns': 14, 'interjections': 0, 'numerals': 4, 'function_words': 0}",roberta.encoder.layer.4.attention.self.key.weight,65757,0.8,0.0001,3,31.383066177368164,0.5797929167747498,0.1833732221864726,0.170772506082725,0.3795620437956204,"{'common_nouns': 452, 'proper_nouns': 11013, 'verbs': 581, 'modal_verbs': 0, 'adjectives': 998, 'adverbs': 52, 'determiners': 1, 'conjunctions': 17, 'prepositions': 0, 'pronouns': 16, 'interjections': 0, 'numerals': 1, 'function_words': 2}","{'common_nouns': 730, 'proper_nouns': 10019, 'verbs': 968, 'modal_verbs': 0, 'adjectives': 1144, 'adverbs': 226, 'determiners': 0, 'conjunctions': 20, 'prepositions': 0, 'pronouns': 23, 'interjections': 0, 'numerals': 5, 'function_words': 0}","[0.10750779750645886, 0.09542849530305016, 0.09155211317604475, 0.08942597076623109, 0.08777909899932625, 0.08663346975534211, 0.08578028618709305, 0.08525352285146133, 0.08441206678711875, 0.08409177782036673, 0.08400167177664683, 0.08359311965187681, 0.08321760408127105, 0.08308599223076862, 0.08311935860455182, 0.08290877481446648, 0.08252007310299107, 0.0825890182469883, 0.08266115168657906, 0.08237425854243792]",0.0721213119167813,0.4986997582006478,0.7931322900983926,"{'common_nouns': 2939, 'proper_nouns': 53945, 'verbs': 1132, 'modal_verbs': 0, 'adjectives': 7576, 'adverbs': 78, 'determiners': 1, 'conjunctions': 42, 'prepositions': 0, 'pronouns': 13, 'interjections': 0, 'numerals': 1, 'function_words': 0}","{'common_nouns': 3904, 'proper_nouns': 52378, 'verbs': 1744, 'modal_verbs': 0, 'adjectives': 7479, 'adverbs': 147, 'determiners': 3, 'conjunctions': 53, 'prepositions': 0, 'pronouns': 31, 'interjections': 0, 'numerals': 3, 'function_words': 0}"
0.1810457664757169,0.1735857664233576,0.3880018248175182,"{'common_nouns': 457, 'proper_nouns': 11001, 'verbs': 558, 'modal_verbs': 0, 'adjectives': 1006, 'adverbs': 62, 'determiners': 0, 'conjunctions': 19, 'prepositions': 0, 'pronouns': 26, 'interjections': 0, 'numerals': 1, 'function_words': 1}","{'common_nouns': 636, 'proper_nouns': 10317, 'verbs': 859, 'modal_verbs': 0, 'adjectives': 1098, 'adverbs': 193, 'determiners': 2, 'conjunctions': 17, 'prepositions': 0, 'pronouns': 14, 'interjections': 0, 'numerals': 4, 'function_words': 0}",roberta.encoder.layer.5.attention.self.key.weight,65757,0.8,0.0001,3,30.14452362060547,0.5901026129722595,0.1813703390912417,0.1732055961070559,0.3842001216545012,"{'common_nouns': 488, 'proper_nouns': 10974, 'verbs': 545, 'modal_verbs': 0, 'adjectives': 1024, 'adverbs': 55, 'determiners': 1, 'conjunctions': 21, 'prepositions': 0, 'pronouns': 21, 'interjections': 0, 'numerals': 2, 'function_words': 2}","{'common_nouns': 690, 'proper_nouns': 10133, 'verbs': 970, 'modal_verbs': 0, 'adjectives': 1118, 'adverbs': 185, 'determiners': 1, 'conjunctions': 14, 'prepositions': 1, 'pronouns': 21, 'interjections': 0, 'numerals': 4, 'function_words': 0}","[0.10478136773672127, 0.09519933211252347, 0.09188200257845458, 0.08976724439293798, 0.08875701146839308, 0.08722787519005963, 0.08624069675476882, 0.08558608659536299, 0.08508105291429807, 0.08458347016732479, 0.08409609210534688, 0.0839758954507156, 0.08367965151068647, 0.0834330438733681, 0.0831560304075697, 0.08336182185188117, 0.08296781006085611, 0.08293555999614316, 0.08286074518142246, 0.08288087661393947]",0.0716578067550059,0.5002661313624405,0.7967820916404337,"{'common_nouns': 2964, 'proper_nouns': 53986, 'verbs': 1182, 'modal_verbs': 0, 'adjectives': 7485, 'adverbs': 80, 'determiners': 2, 'conjunctions': 29, 'prepositions': 0, 'pronouns': 12, 'interjections': 0, 'numerals': 1, 'function_words': 0}","{'common_nouns': 3864, 'proper_nouns': 51875, 'verbs': 1906, 'modal_verbs': 0, 'adjectives': 7775, 'adverbs': 194, 'determiners': 8, 'conjunctions': 76, 'prepositions': 0, 'pronouns': 25, 'interjections': 0, 'numerals': 8, 'function_words': 0}"
0.18104576647571693,0.17358576642335766,0.38800182481751827,"{'common_nouns': 457, 'proper_nouns': 11001, 'verbs': 558, 'modal_verbs': 0, 'adjectives': 1006, 'adverbs': 62, 'determiners': 0, 'conjunctions': 19, 'prepositions': 0, 'pronouns': 26, 'interjections': 0, 'numerals': 1, 'function_words': 1}","{'common_nouns': 636, 'proper_nouns': 10317, 'verbs': 859, 'modal_verbs': 0, 'adjectives': 1098, 'adverbs': 193, 'determiners': 2, 'conjunctions': 17, 'prepositions': 0, 'pronouns': 14, 'interjections': 0, 'numerals': 4, 'function_words': 0}",roberta.encoder.layer.6.attention.self.key.weight,65757,0.8,0.0001,3,28.193603515625,0.5518029928207397,0.1795520862414889,0.17525851581508517,0.39066301703163014,"{'common_nouns': 514, 'proper_nouns': 10912, 'verbs': 535, 'modal_verbs': 0, 'adjectives': 1070, 'adverbs': 54, 'determiners': 1, 'conjunctions': 15, 'prepositions': 0, 'pronouns': 30, 'interjections': 0, 'numerals': 1, 'function_words': 2}","{'common_nouns': 676, 'proper_nouns': 10199, 'verbs': 918, 'modal_verbs': 0, 'adjectives': 1134, 'adverbs': 181, 'determiners': 1, 'conjunctions': 16, 'prepositions': 0, 'pronouns': 17, 'interjections': 0, 'numerals': 5, 'function_words': 0}","[0.1019547943143659, 0.09396891661187738, 0.09102491320194699, 0.08914880643977156, 0.08806941720799807, 0.08694565482890809, 0.0862733683483154, 0.08559803391858899, 0.08510735077180712, 0.0846928045099234, 0.08426295666799058, 0.08389715152427808, 0.08382099767163433, 0.0834821135422029, 0.08335474479735043, 0.0831616003691715, 0.08308385083238864, 0.08302425891342244, 0.08296127558443378, 0.08273621998419146]",0.07208678936010904,0.5060145687911554,0.7925239898413857,"{'common_nouns': 3032, 'proper_nouns': 54025, 'verbs': 1089, 'modal_verbs': 0, 'adjectives': 7435, 'adverbs': 86, 'determiners': 1, 'conjunctions': 52, 'prepositions': 0, 'pronouns': 8, 'interjections': 0, 'numerals': 3, 'function_words': 4}","{'common_nouns': 3853, 'proper_nouns': 52349, 'verbs': 1786, 'modal_verbs': 0, 'adjectives': 7447, 'adverbs': 186, 'determiners': 5, 'conjunctions': 54, 'prepositions': 0, 'pronouns': 35, 'interjections': 0, 'numerals': 6, 'function_words': 0}"
